{"cameraMode":{"drawMode":0,"name":"Shaded","section":"Shading Mode"},"sceneLighting":true,"audioPlay":false,"sceneViewState":{"showFog":true,"showMaterialUpdate":false,"showSkybox":true,"showFlares":true,"showImageEffects":true,"showParticleSystems":true},"in2DMode":false,"pivot":{"x":3.1576836109161379,"y":1.1626307964324952,"z":0.6830151677131653},"rotation":{"x":-0.058384958654642108,"y":0.9221969246864319,"z":-0.15385209023952485,"w":-0.3499622344970703},"size":2.2266924381256105,"orthographic":false}