{"cameraMode":{"drawMode":0,"name":"Shaded","section":"Shading Mode"},"sceneLighting":true,"audioPlay":false,"sceneViewState":{"showFog":true,"showMaterialUpdate":false,"showSkybox":true,"showFlares":true,"showImageEffects":true,"showParticleSystems":true},"in2DMode":false,"pivot":{"x":0.019057154655456544,"y":0.364441454410553,"z":-0.22663116455078126},"rotation":{"x":-0.058384958654642108,"y":0.9221969246864319,"z":-0.15385209023952485,"w":-0.3499622344970703},"size":8.510855674743653,"orthographic":false}