{"cameraMode":{"drawMode":0,"name":"Shaded","section":"Shading Mode"},"sceneLighting":true,"audioPlay":false,"sceneViewState":{"showFog":true,"showMaterialUpdate":false,"showSkybox":true,"showFlares":true,"showImageEffects":true,"showParticleSystems":true},"in2DMode":false,"pivot":{"x":8.941295623779297,"y":-0.7899441719055176,"z":7.890910625457764},"rotation":{"x":-0.26854172348976138,"y":0.09717947989702225,"z":-0.027242058888077737,"w":-0.9579663276672363},"size":16.932525634765626,"orthographic":false}