{"cameraMode":{"drawMode":0,"name":"Shaded","section":"Shading Mode"},"sceneLighting":true,"audioPlay":false,"sceneViewState":{"showFog":true,"showMaterialUpdate":false,"showSkybox":true,"showFlares":true,"showImageEffects":true,"showParticleSystems":true},"in2DMode":false,"pivot":{"x":-34.104164123535159,"y":8.769893646240235,"z":43.21010971069336},"rotation":{"x":-0.10905520617961884,"y":0.818906843662262,"z":-0.16583842039108277,"w":-0.5385130047798157},"size":70.10388946533203,"orthographic":false}