{"cameraMode":{"drawMode":0,"name":"Shaded","section":"Shading Mode"},"sceneLighting":true,"audioPlay":false,"sceneViewState":{"showFog":true,"showMaterialUpdate":false,"showSkybox":true,"showFlares":true,"showImageEffects":true,"showParticleSystems":true},"in2DMode":false,"pivot":{"x":0.5604209899902344,"y":-13.922359466552735,"z":-5.229778289794922},"rotation":{"x":-0.033470526337623599,"y":0.947165846824646,"z":-0.30111849308013918,"w":-0.10528158396482468},"size":48.147823333740237,"orthographic":false}